{
    "code": 200,
    "msg": "操作成功。",
    "data": [
        {
            "id": "1",
            "parentId": "0",
            "name": "监管等级",
            "children": [
                {
                    "id": "5",
                    "parentId": "1",
                    "name": "一级",
                    "children": []
                },
                {
                    "id": "6",
                    "parentId": "1",
                    "name": "二级",
                    "children": []
                },
                {
                    "id": "7",
                    "parentId": "1",
                    "name": "三级",
                    "children": []
                },
                {
                    "id": "8",
                    "parentId": "1",
                    "name": "暂无",
                    "children": []
                }
            ]
        },
        {
            "id": "2",
            "parentId": "0",
            "name": "尾矿库等别",
            "children": [
                {
                    "id": "9",
                    "parentId": "2",
                    "name": "一等",
                    "children": []
                },
                {
                    "id": "10",
                    "parentId": "2",
                    "name": "二等",
                    "children": []
                },
                {
                    "id": "11",
                    "parentId": "2",
                    "name": "三等",
                    "children": []
                },
                {
                    "id": "12",
                    "parentId": "2",
                    "name": "四等",
                    "children": []
                },
                {
                    "id": "13",
                    "parentId": "2",
                    "name": "五等",
                    "children": []
                },
                {
                    "id": "14",
                    "parentId": "2",
                    "name": "无等别",
                    "children": []
                }
            ]
        },
        {
            "id": "3",
            "parentId": "0",
            "name": "主要矿种",
            "children": [
                {
                    "id": "15",
                    "parentId": "3",
                    "name": "银锌矿",
                    "children": []
                },
                {
                    "id": "16",
                    "parentId": "3",
                    "name": "钽铌矿",
                    "children": []
                },
                {
                    "id": "17",
                    "parentId": "3",
                    "name": "铅锌矿",
                    "children": []
                },
                {
                    "id": "18",
                    "parentId": "3",
                    "name": "铜矿",
                    "children": []
                },
                {
                    "id": "19",
                    "parentId": "3",
                    "name": "汞矿",
                    "children": []
                },
                {
                    "id": "20",
                    "parentId": "3",
                    "name": "镍矿",
                    "children": []
                },
                {
                    "id": "21",
                    "parentId": "3",
                    "name": "锡矿",
                    "children": []
                },
                {
                    "id": "23",
                    "parentId": "3",
                    "name": "涉氰金矿",
                    "children": []
                },
                {
                    "id": "24",
                    "parentId": "3",
                    "name": "钨钼矿",
                    "children": []
                },
                {
                    "id": "25",
                    "parentId": "3",
                    "name": "锑矿",
                    "children": []
                },
                {
                    "id": "26",
                    "parentId": "3",
                    "name": "浮选金矿",
                    "children": []
                },
                {
                    "id": "27",
                    "parentId": "3",
                    "name": "其他金属及非金属矿",
                    "children": []
                }
            ]
        },
        {
            "id": "4",
            "parentId": "0",
            "name": "生产状况",
            "children": [
                {
                    "id": "28",
                    "parentId": "4",
                    "name": "在建",
                    "children": []
                },
                {
                    "id": "29",
                    "parentId": "4",
                    "name": "在用",
                    "children": []
                },
                {
                    "id": "30",
                    "parentId": "4",
                    "name": "闭库",
                    "children": []
                },
                {
                    "id": "31",
                    "parentId": "4",
                    "name": "停用",
                    "children": []
                },
                {
                    "id": "32",
                    "parentId": "4",
                    "name": "其他",
                    "children": []
                }
            ]
        }
    ]
}